coverage_id,entity_id,parameter_id,clinical_episode,repository_id,repository_name,has_individual_subjects,has_exposure_or_intervention,has_measured_parameter,has_unit_and_method,has_temporal_anchor,has_outcome,has_concomitant_medication,missingness_documented,applicable_population,legal_access,publication_possible,effective_n_records,dictionary_and_version,coverage_status,object_match,access_status,notes,residual
C-001,E-IEI-SCID,P-IEI-001,diagnóstico SCID,R03,ESID Registry,no comprobado,no comprobado,no comprobado,no comprobado,no comprobado,no comprobado,no comprobado,no comprobado,no comprobado,GDPR + seudónimo + comité; no descarga abierta (A1 31-08-2026),no declarado,no contado — prohibido inventar N,no leído estudio a estudio,inaccesible,posible — objeto IEI,sin cuenta / sin autorización,Registro PID europeo. No es IS farmacológica de las semillas.,microdato no leído; no adoptar
C-002,E-IEI-SCID,P-IEI-001,diagnóstico SCID,R04,USIDNET v1/v2,no comprobado,no comprobado,no comprobado,no comprobado,no comprobado,no comprobado,no comprobado,no comprobado,no comprobado,"waiver + doble des-ID; v1 no sirve para incidencia (acuerdo 2019, A1)",no declarado,no contado — prohibido inventar N,no leído estudio a estudio,inaccesible,posible — objeto IEI US,sin waiver,v1 y v2 no son el mismo objeto estadístico.,v1≠v2
C-003,E-IEI-SCID,P-IEI-001,diagnóstico SCID,R05,REDIP/RePER ISCIII,no comprobado,no comprobado,no comprobado,no comprobado,no comprobado,no comprobado,no comprobado,no comprobado,no comprobado,acreditación + consentimiento + convenio BOE; no abierto (A1),no declarado,no contado — prohibido inventar N,no leído estudio a estudio,inaccesible,posible — objeto IEI ES,sin acreditación,No llamar a REDIP repositorio anonimizado abierto.,jurisdicción ES
C-004,E-IEI-SCID,P-IEI-003,cribado TREC,R03,ESID Registry,no comprobado,no comprobado,no comprobado,no comprobado,no comprobado,no comprobado,no comprobado,no comprobado,no comprobado,GDPR + seudónimo + comité; no descarga abierta (A1 31-08-2026),no declarado,no contado — prohibido inventar N,no leído estudio a estudio,inaccesible,posible — objeto IEI,sin cuenta / sin autorización,Registro PID europeo. No es IS farmacológica de las semillas.,microdato no leído; no adoptar
C-005,E-IEI-SCID,P-IEI-003,cribado TREC,R04,USIDNET v1/v2,no comprobado,no comprobado,no comprobado,no comprobado,no comprobado,no comprobado,no comprobado,no comprobado,no comprobado,"waiver + doble des-ID; v1 no sirve para incidencia (acuerdo 2019, A1)",no declarado,no contado — prohibido inventar N,no leído estudio a estudio,inaccesible,posible — objeto IEI US,sin waiver,v1 y v2 no son el mismo objeto estadístico.,v1≠v2
C-006,E-IEI-SCID,P-IEI-003,cribado TREC,R05,REDIP/RePER ISCIII,no comprobado,no comprobado,no comprobado,no comprobado,no comprobado,no comprobado,no comprobado,no comprobado,no comprobado,acreditación + consentimiento + convenio BOE; no abierto (A1),no declarado,no contado — prohibido inventar N,no leído estudio a estudio,inaccesible,posible — objeto IEI ES,sin acreditación,No llamar a REDIP repositorio anonimizado abierto.,jurisdicción ES
C-007,E-IEI-CVID,P-IEI-004,diagnóstico CVID,R03,ESID Registry,no comprobado,no comprobado,no comprobado,no comprobado,no comprobado,no comprobado,no comprobado,no comprobado,no comprobado,GDPR + seudónimo + comité; no descarga abierta (A1 31-08-2026),no declarado,no contado — prohibido inventar N,no leído estudio a estudio,inaccesible,posible — objeto IEI,sin cuenta / sin autorización,Registro PID europeo. No es IS farmacológica de las semillas.,microdato no leído; no adoptar
C-008,E-IEI-CVID,P-IEI-004,diagnóstico CVID,R04,USIDNET v1/v2,no comprobado,no comprobado,no comprobado,no comprobado,no comprobado,no comprobado,no comprobado,no comprobado,no comprobado,"waiver + doble des-ID; v1 no sirve para incidencia (acuerdo 2019, A1)",no declarado,no contado — prohibido inventar N,no leído estudio a estudio,inaccesible,posible — objeto IEI US,sin waiver,v1 y v2 no son el mismo objeto estadístico.,v1≠v2
C-009,E-IEI-CVID,P-IEI-004,diagnóstico CVID,R05,REDIP/RePER ISCIII,no comprobado,no comprobado,no comprobado,no comprobado,no comprobado,no comprobado,no comprobado,no comprobado,no comprobado,acreditación + consentimiento + convenio BOE; no abierto (A1),no declarado,no contado — prohibido inventar N,no leído estudio a estudio,inaccesible,posible — objeto IEI ES,sin acreditación,No llamar a REDIP repositorio anonimizado abierto.,jurisdicción ES
C-010,E-IEI-CGD,P-IEI-007,diagnóstico CGD,R03,ESID Registry,no comprobado,no comprobado,no comprobado,no comprobado,no comprobado,no comprobado,no comprobado,no comprobado,no comprobado,GDPR + seudónimo + comité; no descarga abierta (A1 31-08-2026),no declarado,no contado — prohibido inventar N,no leído estudio a estudio,inaccesible,posible — objeto IEI,sin cuenta / sin autorización,Registro PID europeo. No es IS farmacológica de las semillas.,microdato no leído; no adoptar
C-011,E-IEI-CGD,P-IEI-007,diagnóstico CGD,R04,USIDNET v1/v2,no comprobado,no comprobado,no comprobado,no comprobado,no comprobado,no comprobado,no comprobado,no comprobado,no comprobado,"waiver + doble des-ID; v1 no sirve para incidencia (acuerdo 2019, A1)",no declarado,no contado — prohibido inventar N,no leído estudio a estudio,inaccesible,posible — objeto IEI US,sin waiver,v1 y v2 no son el mismo objeto estadístico.,v1≠v2
C-012,E-IEI-CGD,P-IEI-007,diagnóstico CGD,R05,REDIP/RePER ISCIII,no comprobado,no comprobado,no comprobado,no comprobado,no comprobado,no comprobado,no comprobado,no comprobado,no comprobado,acreditación + consentimiento + convenio BOE; no abierto (A1),no declarado,no contado — prohibido inventar N,no leído estudio a estudio,inaccesible,posible — objeto IEI ES,sin acreditación,No llamar a REDIP repositorio anonimizado abierto.,jurisdicción ES
C-013,E-IEI-XLA,P-IEI-008,diagnóstico XLA,R03,ESID Registry,no comprobado,no comprobado,no comprobado,no comprobado,no comprobado,no comprobado,no comprobado,no comprobado,no comprobado,GDPR + seudónimo + comité; no descarga abierta (A1 31-08-2026),no declarado,no contado — prohibido inventar N,no leído estudio a estudio,inaccesible,posible — objeto IEI,sin cuenta / sin autorización,Registro PID europeo. No es IS farmacológica de las semillas.,microdato no leído; no adoptar
C-014,E-IEI-XLA,P-IEI-008,diagnóstico XLA,R04,USIDNET v1/v2,no comprobado,no comprobado,no comprobado,no comprobado,no comprobado,no comprobado,no comprobado,no comprobado,no comprobado,"waiver + doble des-ID; v1 no sirve para incidencia (acuerdo 2019, A1)",no declarado,no contado — prohibido inventar N,no leído estudio a estudio,inaccesible,posible — objeto IEI US,sin waiver,v1 y v2 no son el mismo objeto estadístico.,v1≠v2
C-015,E-IEI-XLA,P-IEI-008,diagnóstico XLA,R05,REDIP/RePER ISCIII,no comprobado,no comprobado,no comprobado,no comprobado,no comprobado,no comprobado,no comprobado,no comprobado,no comprobado,acreditación + consentimiento + convenio BOE; no abierto (A1),no declarado,no contado — prohibido inventar N,no leído estudio a estudio,inaccesible,posible — objeto IEI ES,sin acreditación,No llamar a REDIP repositorio anonimizado abierto.,jurisdicción ES
C-016,E-IEI-HAE-C1,P-IEI-009,diagnóstico HAE,R03,ESID Registry,no comprobado,no comprobado,no comprobado,no comprobado,no comprobado,no comprobado,no comprobado,no comprobado,no comprobado,GDPR + seudónimo + comité; no descarga abierta (A1 31-08-2026),no declarado,no contado — prohibido inventar N,no leído estudio a estudio,inaccesible,posible — objeto IEI,sin cuenta / sin autorización,Registro PID europeo. No es IS farmacológica de las semillas.,microdato no leído; no adoptar
C-017,E-IEI-HAE-C1,P-IEI-009,diagnóstico HAE,R04,USIDNET v1/v2,no comprobado,no comprobado,no comprobado,no comprobado,no comprobado,no comprobado,no comprobado,no comprobado,no comprobado,"waiver + doble des-ID; v1 no sirve para incidencia (acuerdo 2019, A1)",no declarado,no contado — prohibido inventar N,no leído estudio a estudio,inaccesible,posible — objeto IEI US,sin waiver,v1 y v2 no son el mismo objeto estadístico.,v1≠v2
C-018,E-IEI-HAE-C1,P-IEI-009,diagnóstico HAE,R05,REDIP/RePER ISCIII,no comprobado,no comprobado,no comprobado,no comprobado,no comprobado,no comprobado,no comprobado,no comprobado,no comprobado,acreditación + consentimiento + convenio BOE; no abierto (A1),no declarado,no contado — prohibido inventar N,no leído estudio a estudio,inaccesible,posible — objeto IEI ES,sin acreditación,No llamar a REDIP repositorio anonimizado abierto.,jurisdicción ES
C-019,E-IEI-HLH-F,P-HLH-001,HLH agudo,R03,ESID Registry,no comprobado,no comprobado,no comprobado,no comprobado,no comprobado,no comprobado,no comprobado,no comprobado,no comprobado,GDPR + seudónimo + comité; no descarga abierta (A1 31-08-2026),no declarado,no contado — prohibido inventar N,no leído estudio a estudio,inaccesible,posible — objeto IEI,sin cuenta / sin autorización,Registro PID europeo. No es IS farmacológica de las semillas.,microdato no leído; no adoptar
C-020,E-IEI-HLH-F,P-HLH-001,HLH agudo,R04,USIDNET v1/v2,no comprobado,no comprobado,no comprobado,no comprobado,no comprobado,no comprobado,no comprobado,no comprobado,no comprobado,"waiver + doble des-ID; v1 no sirve para incidencia (acuerdo 2019, A1)",no declarado,no contado — prohibido inventar N,no leído estudio a estudio,inaccesible,posible — objeto IEI US,sin waiver,v1 y v2 no son el mismo objeto estadístico.,v1≠v2
C-021,E-IEI-HLH-F,P-HLH-001,HLH agudo,R05,REDIP/RePER ISCIII,no comprobado,no comprobado,no comprobado,no comprobado,no comprobado,no comprobado,no comprobado,no comprobado,no comprobado,acreditación + consentimiento + convenio BOE; no abierto (A1),no declarado,no contado — prohibido inventar N,no leído estudio a estudio,inaccesible,posible — objeto IEI ES,sin acreditación,No llamar a REDIP repositorio anonimizado abierto.,jurisdicción ES
C-022,E-IDS-FARM,P-IS-001,IS farmacológica activa (semillas),R03,ESID Registry,no comprobado,no comprobado,objeto distinto,no comprobado,no comprobado,no comprobado,no comprobado,no comprobado,no comprobado,norma leída en A1; ninguna fuente adoptada; ningún dataset descargado,no declarado,no contado — prohibido inventar N,no leído estudio a estudio,no aplicable como cobertura del episodio semilla,NO — objeto distinto (IEI ≠ IS farmacológica),sin cuenta / sin DUA / sin descarga,A1: IEI/PID ≠ episodio de las semillas.,usar PID para tensionar IMMUNO-1/2 está prohibido por objeto
C-023,E-IDS-FARM,P-IS-001,IS farmacológica activa (semillas),R04,USIDNET v1/v2,no comprobado,no comprobado,objeto distinto,no comprobado,no comprobado,no comprobado,no comprobado,no comprobado,no comprobado,norma leída en A1; ninguna fuente adoptada; ningún dataset descargado,no declarado,no contado — prohibido inventar N,no leído estudio a estudio,no aplicable como cobertura del episodio semilla,NO — objeto distinto (IEI ≠ IS farmacológica),sin cuenta / sin DUA / sin descarga,A1: IEI/PID ≠ episodio de las semillas.,usar PID para tensionar IMMUNO-1/2 está prohibido por objeto
C-024,E-IDS-FARM,P-IS-001,IS farmacológica activa (semillas),R05,REDIP/RePER ISCIII,no comprobado,no comprobado,objeto distinto,no comprobado,no comprobado,no comprobado,no comprobado,no comprobado,no comprobado,norma leída en A1; ninguna fuente adoptada; ningún dataset descargado,no declarado,no contado — prohibido inventar N,no leído estudio a estudio,no aplicable como cobertura del episodio semilla,NO — objeto distinto (IEI ≠ IS farmacológica),sin cuenta / sin DUA / sin descarga,A1: IEI/PID ≠ episodio de las semillas.,usar PID para tensionar IMMUNO-1/2 está prohibido por objeto
C-025,E-IDS-FARM,P-IS-001,ensayo de tolerancia / IS,R01,ImmPort (NIAID/DAIT),no comprobado,no comprobado,no comprobado,no comprobado,no comprobado,no comprobado,no comprobado,no comprobado,no comprobado,User Agreement 2.5: no uso para tratar pacientes (A1),reanálisis según DUA; no asistencia,no contado — prohibido inventar N,no leído estudio a estudio,no buscado estudio a estudio (hueco A1 n.º 7),posible en algunos SDY — no auditado estudio a estudio,sin cuenta / sin DUA / sin descarga,Portal de inmunología ≠ cobertura del dominio clínico. Prohibido tratar.,SDY no inventariados uno a uno
C-026,E-IDS-FARM,P-IS-001,ensayo de tolerancia / IS,R06,ITN TrialShare,no comprobado,no comprobado,no comprobado,no comprobado,no comprobado,no comprobado,no comprobado,no comprobado,no comprobado,publicado ≠ autorización asistencial (A1),no declarado,no contado — prohibido inventar N,no leído estudio a estudio,solo estudios publicados; no buscado variable a variable,posible en algunos SDY — no auditado estudio a estudio,sin cuenta / sin DUA / sin descarga,Ensayos de tolerancia. No censo de especialidad.,publicado ≠ usable para tratar
C-027,E-AI-LES,P-AU-006,ensayo LES,R01,ImmPort (NIAID/DAIT),no comprobado,no comprobado,no comprobado,no comprobado,no comprobado,no comprobado,no comprobado,no comprobado,no comprobado,User Agreement 2.5: no uso para tratar pacientes (A1),reanálisis según DUA; no asistencia,no contado — prohibido inventar N,no leído estudio a estudio,no buscado estudio a estudio (hueco A1 n.º 7),posible si el SDY midió anti-dsDNA,sin cuenta / sin DUA / sin descarga,Portal de inmunología ≠ cobertura del dominio clínico. Prohibido tratar.,SDY no inventariados uno a uno
C-028,E-AI-LES,P-AU-006,ensayo LES,R06,ITN TrialShare,no comprobado,no comprobado,no comprobado,no comprobado,no comprobado,no comprobado,no comprobado,no comprobado,no comprobado,publicado ≠ autorización asistencial (A1),no declarado,no contado — prohibido inventar N,no leído estudio a estudio,solo estudios publicados; no buscado variable a variable,posible si el SDY midió anti-dsDNA,sin cuenta / sin DUA / sin descarga,Ensayos de tolerancia. No censo de especialidad.,publicado ≠ usable para tratar
C-029,E-INF-CMV-E,P-VIR-001,ensayo SOT/CMV,R01,ImmPort (NIAID/DAIT),no comprobado,no comprobado,no comprobado,no comprobado,no comprobado,no comprobado,no comprobado,no comprobado,no comprobado,User Agreement 2.5: no uso para tratar pacientes (A1),reanálisis según DUA; no asistencia,no contado — prohibido inventar N,no leído estudio a estudio,no buscado estudio a estudio (hueco A1 n.º 7),posible — no auditado,sin cuenta / sin DUA / sin descarga,Portal de inmunología ≠ cobertura del dominio clínico. Prohibido tratar.,SDY no inventariados uno a uno
C-030,E-INF-CMV-E,P-VIR-001,ensayo SOT/CMV,R06,ITN TrialShare,no comprobado,no comprobado,no comprobado,no comprobado,no comprobado,no comprobado,no comprobado,no comprobado,no comprobado,publicado ≠ autorización asistencial (A1),no declarado,no contado — prohibido inventar N,no leído estudio a estudio,solo estudios publicados; no buscado variable a variable,posible — no auditado,sin cuenta / sin DUA / sin descarga,Ensayos de tolerancia. No censo de especialidad.,publicado ≠ usable para tratar
C-031,E-ALG-ANA,P-ALG-001,urgencia anafilaxia,R01,ImmPort (NIAID/DAIT),no comprobado,no comprobado,no comprobado,no comprobado,no comprobado,no comprobado,no comprobado,no comprobado,no comprobado,User Agreement 2.5: no uso para tratar pacientes (A1),reanálisis según DUA; no asistencia,no contado — prohibido inventar N,no leído estudio a estudio,no buscado estudio a estudio (hueco A1 n.º 7),improbable — objeto ensayo ≠ urgencia,sin cuenta / sin DUA / sin descarga,Portal de inmunología ≠ cobertura del dominio clínico. Prohibido tratar.,SDY no inventariados uno a uno
C-032,E-ALG-ANA,P-ALG-001,urgencia anafilaxia,R06,ITN TrialShare,no comprobado,no comprobado,no comprobado,no comprobado,no comprobado,no comprobado,no comprobado,no comprobado,no comprobado,publicado ≠ autorización asistencial (A1),no declarado,no contado — prohibido inventar N,no leído estudio a estudio,solo estudios publicados; no buscado variable a variable,improbable — objeto ensayo ≠ urgencia,sin cuenta / sin DUA / sin descarga,Ensayos de tolerancia. No censo de especialidad.,publicado ≠ usable para tratar
C-033,E-IDS-FARM,P-IS-001,IS farmacológica,R02,ImmuneSpace (HIPC),no comprobado,no comprobado,no comprobado,no comprobado,no comprobado,no comprobado,no comprobado,no comprobado,no comprobado,A1: no se leyó cláusula que anule la prohibición ImmPort de uso para tratamiento,no declarado,no contado — prohibido inventar N,no leído estudio a estudio,no buscado,capa sobre estudios HIPC/ImmPort — no anula DUA ImmPort,sin cuenta / sin DUA / sin descarga,Descarga 'libre' de portal ≠ uso asistencial.,relación ImmuneSpace–ImmPort 2.5 abierta
C-034,E-IEI-CVID,P-IEI-004,diagnóstico CVID,R07,IEDB,"literatura / repertorio, no paciente asistencial",no comprobado,no comprobado,no comprobado,no comprobado,no comprobado,no comprobado,no comprobado,no comprobado,norma leída en A1; ninguna fuente adoptada; ningún dataset descargado,no declarado,no contado — prohibido inventar N,no leído estudio a estudio,no aplicable al parámetro clínico,"NO — epítopos de literatura, no episodios",sin cuenta / sin DUA / sin descarga,Pueden ser útiles a otro nivel. No cubren IgG sérica de un episodio.,no desaparecen del dominio molecular; no cubren el clínico
C-035,E-IEI-CVID,P-IEI-004,diagnóstico CVID,R08,OAS OPIG,"literatura / repertorio, no paciente asistencial",no comprobado,no comprobado,no comprobado,no comprobado,no comprobado,no comprobado,no comprobado,no comprobado,norma leída en A1; ninguna fuente adoptada; ningún dataset descargado,no declarado,no contado — prohibido inventar N,no leído estudio a estudio,no aplicable al parámetro clínico,"NO — repertorios de Ac, no clínica",sin cuenta / sin DUA / sin descarga,Pueden ser útiles a otro nivel. No cubren IgG sérica de un episodio.,no desaparecen del dominio molecular; no cubren el clínico
C-036,E-IEI-CVID,P-IEI-004,diagnóstico CVID,R09,AIRR Data Commons / iReceptor,"literatura / repertorio, no paciente asistencial",no comprobado,no comprobado,no comprobado,no comprobado,no comprobado,no comprobado,no comprobado,no comprobado,norma leída en A1; ninguna fuente adoptada; ningún dataset descargado,no declarado,no contado — prohibido inventar N,no leído estudio a estudio,no aplicable al parámetro clínico,"NO — repertorios AIRR, no profilaxis",sin cuenta / sin DUA / sin descarga,Pueden ser útiles a otro nivel. No cubren IgG sérica de un episodio.,no desaparecen del dominio molecular; no cubren el clínico
C-037,E-IEI-CVID,P-IEI-004,diagnóstico CVID,R11,VDJdb,"literatura / repertorio, no paciente asistencial",no comprobado,no comprobado,no comprobado,no comprobado,no comprobado,no comprobado,no comprobado,no comprobado,norma leída en A1; ninguna fuente adoptada; ningún dataset descargado,no declarado,no contado — prohibido inventar N,no leído estudio a estudio,no aplicable al parámetro clínico,"NO — pares TCR–antígeno, no clínica",sin cuenta / sin DUA / sin descarga,Pueden ser útiles a otro nivel. No cubren IgG sérica de un episodio.,no desaparecen del dominio molecular; no cubren el clínico
C-038,E-IEI-CGD,P-IEI-007,DHR,R10,FlowRepository,no comprobado,no comprobado,no comprobado,no comprobado,no comprobado,no comprobado,no comprobado,no comprobado,no comprobado,MIFlowCyt + de-ID; no uso asistencial declarado,no declarado,no contado — prohibido inventar N,no leído estudio a estudio,no buscado; FAQ de suspensión de nuevos envíos (A1),posible si hay FCS de DHR — no buscado,sin cuenta / sin DUA / sin descarga,Citometría depositada ≠ panel diagnóstico del paciente.,disponibilidad operativa del portal no re-verificada hoy
C-039,E-NEO-CRS,P-NEO-001,post CAR-T,R01,ImmPort (NIAID/DAIT),no comprobado,no comprobado,no comprobado,no comprobado,no comprobado,no comprobado,no comprobado,no comprobado,no comprobado,norma leída en A1; ninguna fuente adoptada; ningún dataset descargado,no declarado,no contado — prohibido inventar N,no leído estudio a estudio,no buscado,no auditado; objeto CAR-T no es el núcleo de A1,sin cuenta / sin DUA / sin descarga,Terapia celular queda en residual empírico de A1.,A1 no cubre CAR-T
C-040,E-TX-HAR,P-TX-001,oferta de órgano,R03,ESID Registry,no comprobado,no comprobado,no comprobado,no comprobado,no comprobado,no comprobado,no comprobado,no comprobado,no comprobado,norma leída en A1; ninguna fuente adoptada; ningún dataset descargado,no declarado,no contado — prohibido inventar N,no leído estudio a estudio,no aplicable,NO — histocompatibilidad de órgano sólido ≠ IEI,sin cuenta / sin DUA / sin descarga,Hold-out de órgano. Ningún repo A1 es ONT/UNOS.,SOT histocompatibilidad ausente de A1
