parameter_id,canonical_name,aliases,definition,domain_area,subdomain,clinical_episode,parameter_role,data_type,unit,allowed_values,reference_range_or_threshold,population_scope,specimen_or_source,temporal_anchor,clinical_use,knowledge_or_skill,omission_consequence_patient,omission_consequence_expert,criticality,patient_harm_priority,diagnostic_priority,management_priority,monitoring_priority,omission_consequence_priority,domain_coverage_priority,empirical_validation_priority,data_availability_priority,priority_rationale,priority_context,priority_source,priority_confidence,priority_disagreement,evidence_source,source_version_date,jurisdiction_scope,repository_candidates,empirical_status,conflict_status,residual_reason,review_status
P-ALG-001,Adrenalina IM administrada en anafilaxia,epinefrina IM,Registro binario de administración de adrenalina IM en el episodio de anafilaxia en curso.,Inmunoalergia,Anafilaxia,Reacción aguda,intervención,booleano,sí/no,sí; no; desconocido,omisión del sí cuando hay criterios = evento adverso,cualquier edad,HCE urgencias,durante el episodio,tratamiento,vía IM; frontera POE Alergología vs Inmunología ES,muerte o daño anóxico si hay criterios y no se administra,error de tratamiento en minutos,crítico,20,8,20,6,20,10,6,8,daño de minutos; la rareza no baja la prioridad de daño,candidato v0.2; no ranking asistencial,omisión + anclaje BOE/IUIS/ABAI; no promedio,"baja — propuesta no armonizada, no adoptada",las ocho escalas pueden discrepar; no se fusionan,WAO anaphylaxis; POE Alergología (frontera),WAO vigente; dos POE ES,internacional / ES (MIR-POE) según fuente,ninguno A1 cubre urgencias,no encontrado,pendiente,episodio asistencial ≠ registro IEI,propuesto
P-ALG-002,Criterios clínicos de anafilaxia presentes,WAO/NIAID criteria,Cumplimiento de criterios clínicos versionados de anafilaxia. No es un compuesto de gravedad alérgica.,Inmunoalergia,Anafilaxia,Reacción aguda,condición,booleano,sí/no,sí; no; incompleto,según sistema de criterios y su fecha,cualquier edad,exploración + historia,minuto 0,diagnóstico,criterios; no sustituye adrenalina,no se dispara el tratamiento,se trata otro shock o no se trata,crítico,19,20,18,5,19,10,5,7,diagnóstico que autoriza P-ALG-001,candidato v0.2; no ranking asistencial,omisión + anclaje BOE/IUIS/ABAI; no promedio,"baja — propuesta no armonizada, no adoptada",las ocho escalas pueden discrepar; no se fusionan,WAO / NIAID-FAAN,declarar versión,internacional / ES (MIR-POE) según fuente,no en A1,no encontrado,pendiente,sistemas de criterios no equivalentes,propuesto
P-ALG-006,Angioedema con habones versus sin habones,HAE-like vs histaminérgico,Distinción: angioedema con habones frente a angioedema sin habones.,Inmunoalergia / complemento,Angioedema,Edema agudo,entrada,categórico,categoría,con habones; sin habones; no clasificable,sin habones orienta HAE/AAE; no cierra,cualquier edad,exploración,durante el brote,clasificación,no tratar HAE como anafilaxia histaminérgica,"adrenalina inútil y C1-INH no dado, o al revés",vía terapéutica errónea,crítico,18,18,18,8,18,12,6,6,bifurca HAE frente a histaminérgico,candidato v0.2; no ranking asistencial,omisión + anclaje BOE/IUIS/ABAI; no promedio,"baja — propuesta no armonizada, no adoptada",las ocho escalas pueden discrepar; no se fusionan,WAO/EAACI HAE; IUIS VIII,IUIS 2024 VIII,internacional / ES (MIR-POE) según fuente,ESID/USIDNET/REDIP si HAE hereditario,no buscado,pendiente,HAE≠AAE; Ag≠función,propuesto
P-VAC-001,Vacuna viva administrada en los últimos 30 días,live vaccine recent,Administración documentada de vacuna viva atenuada en los 30 días previos a la decisión.,Inmunoprofilaxis,Vacunas vivas,Pre-IS / IEI / post-SOT,exposición,booleano,sí/no,sí; no; desconocido,ventana 30 d = convención de esta versión,IC o candidato a IS,cartilla / HCE,30 días antes,seguridad,calendario + contraindicación en IC,enfermedad vacunal en SCID/IS grave,contraindicación no vista,crítico,18,6,19,10,18,14,7,8,evento iatrogénico evitable,candidato v0.2; no ranking asistencial,omisión + anclaje BOE/IUIS/ABAI; no promedio,"baja — propuesta no armonizada, no adoptada",las ocho escalas pueden discrepar; no se fusionan,ACIP IC; calendarios ES; POE vacunas,calendario vigente jurisdicción,internacional / ES (MIR-POE) según fuente,ImmPort ensayos vacuna; no cartilla ES,no buscado,pendiente,ventana 30 d convencional,propuesto
P-VAC-002,Indicación actual de vacuna viva,live vaccine due,Indicación vigente de administrar vacuna viva en el momento de la decisión.,Inmunoprofilaxis,Vacunas vivas,Consulta de inmunización,condición,categórico,categoría,indicada; no indicada; diferida,según calendario y estado IC declarados,según calendario,HCE + calendario,día de consulta,profilaxis,indicación ≠ administración; cruzar con IC,enfermedad prevenible o vacuna viva en SCID,calendario sin estado IC,condicionalmente crítico,16,5,17,8,16,13,6,7,crítico solo si el estado IC no está medido,candidato v0.2; no ranking asistencial,omisión + anclaje BOE/IUIS/ABAI; no promedio,"baja — propuesta no armonizada, no adoptada",las ocho escalas pueden discrepar; no se fusionan,calendario oficial + ACIP IC,declarar calendario,internacional / ES (MIR-POE) según fuente,no cartilla en A1,no buscado,pendiente,indicación jurisdiccional,propuesto
P-INF-001,Profilaxis PJP prescrita,TMP-SMX PJP; atovacuona,"Prescripción activa de un régimen de profilaxis frente a P. jirovecii, con fármaco declarado.",Infección en IC,PJP,IS alto riesgo / SCID / SOT / anti-CD20+GC,control,categórico,régimen,TMP-SMX; atovacuona; dapsone; pentamidina; ninguna; desconocido,umbral de INDICACIÓN no cerrado en esta versión,IC alto riesgo según guía declarada,orden médica,inicio IS o diagnóstico IEI,tratamiento,indicación ≠ fármaco,PJP grave o muerte si estaba indicada y no se dio,omisión de medida de soporte,crítico,20,7,20,14,20,16,8,5,omisión evitable; el umbral de indicación sigue residual,candidato v0.2; no ranking asistencial,omisión + anclaje BOE/IUIS/ABAI; no promedio,"baja — propuesta no armonizada, no adoptada",las ocho escalas pueden discrepar; no se fusionan,guías PJP SOT/onco/IEI — no unificadas,declarar guía,internacional / ES (MIR-POE) según fuente,TrialShare/ImmPort si el ensayo lo recoge; ESID tratamiento,no encontrado,pendiente,umbral de indicación no cerrado; semillas ≠ PJP,propuesto
P-INF-002,Fiebre en neutropenia grave,FN,Fiebre sobre umbral declarado con ANC <500/µL (u umbral local declarado).,Infección en IC,Neutropenia,Post-QT / agranulocitosis / IEI fagocito,condición,booleano,sí/no,sí; no,ANC <500 AND fiebre según definición local,neutropénico,analítica + temperatura,simultáneo,tratamiento,urgencia; no esperar cultivo,sepsis no tratada,retraso de horas,crítico,20,16,20,18,20,11,8,7,urgencia temporal; no específica de IEI,candidato v0.2; no ranking asistencial,omisión + anclaje BOE/IUIS/ABAI; no promedio,"baja — propuesta no armonizada, no adoptada",las ocho escalas pueden discrepar; no se fusionan,IDSA FN,IDSA vigente al usar,internacional / ES (MIR-POE) según fuente,no específico A1,no buscado,pendiente,umbral térmico local,propuesto
P-HEM-001,Recuento absoluto de neutrófilos,ANC; RAN,Número absoluto de neutrófilos en sangre periférica.,Hematología inmune,Fagocito,Cualquier IC / QT / IEI,estado,cuantitativo,células/µL,≥0,grave <500; profunda <100; rangos pedia distintos,edad-específico,sangre EDTA,fecha-hora extracción,gravedad / vigilancia,absoluto ≠ porcentaje,no se ve neutropenia grave,se usa % y se pierde el absoluto,crítico,19,17,18,20,18,15,10,12,universal en IC y aún así sustituido por %,candidato v0.2; no ranking asistencial,omisión + anclaje BOE/IUIS/ABAI; no promedio,"baja — propuesta no armonizada, no adoptada",las ocho escalas pueden discrepar; no se fusionan,laboratorio clínico,método del laboratorio,internacional / ES (MIR-POE) según fuente,USIDNET/ESID si lo recogen; ImmPort CBC,no buscado,pendiente,método y unidad varían,propuesto
P-HEM-002,Recuento absoluto de linfocitos,ALC,Número absoluto de linfocitos en sangre periférica.,Hematología inmune,Linfocito,Sospecha IEI / anti-CD20 / SOT,estado,cuantitativo,células/µL,≥0,linfopenia persistente es umbral etario; no único,edad-específico (lactante ≠ adulto),sangre EDTA,fecha-hora extracción,diagnóstico / vigilancia,un ALC adulto 'normal' es patológico en lactante,SCID o linfopenia iatrogénica no vista,aplicar rango adulto a lactante,crítico,18,18,14,16,18,16,10,12,puerta de SCID y de anti-CD20,candidato v0.2; no ranking asistencial,omisión + anclaje BOE/IUIS/ABAI; no promedio,"baja — propuesta no armonizada, no adoptada",las ocho escalas pueden discrepar; no se fusionan,IUIS I; laboratorio; POE 5.2.2,rangos locales edad,internacional / ES (MIR-POE) según fuente,ESID/USIDNET/REDIP,no buscado,pendiente,rango etario no unificado,propuesto
P-IEI-001,Recuento absoluto CD3+,T-cell count,Linfocitos T CD3+ absolutos en sangre periférica.,IEI,Inmunofenotipo T,Sospecha SCID / CID,estado,cuantitativo,células/µL,≥0,rangos etarios de laboratorio,edad-específico,citometría,fecha del inmunofenotipo,diagnóstico,citometría clínica; no solo %,SCID T- no orientado,clasificación IUIS I imposible,crítico,19,20,16,15,19,18,9,6,eje de la clasificación T de SCID,candidato v0.2; no ranking asistencial,omisión + anclaje BOE/IUIS/ABAI; no promedio,"baja — propuesta no armonizada, no adoptada",las ocho escalas pueden discrepar; no se fusionan,IUIS 2024 I; POE 5.2.2,IUIS 2024; panel local,internacional / ES (MIR-POE) según fuente,"ESID, USIDNET, REDIP, FlowRepository",inaccesible,pendiente,microdato no descargado; ninguna fuente adoptada,propuesto
P-IEI-002,Recuento absoluto CD4+,CD4 abs,Linfocitos T CD4+ absolutos.,IEI / ID adquirida,Inmunofenotipo T,VIH / SCID / SOT,estado,cuantitativo,células/µL,≥0,VIH: umbrales 200/350 históricos; IEI: rango etario — NO intercambiables,edad + etiología,citometría,fecha del ensayo,gravedad / profilaxis,no exportar umbral VIH a IEI,profilaxis o HSCT tarde,mezclar umbrales VIH e IEI,crítico,18,17,18,19,18,17,10,7,"alta disponibilidad en VIH, baja transferencia a IEI",candidato v0.2; no ranking asistencial,omisión + anclaje BOE/IUIS/ABAI; no promedio,"baja — propuesta no armonizada, no adoptada",las ocho escalas pueden discrepar; no se fusionan,IUIS I; guía VIH; POE 5.1.8-9,declarar guía,internacional / ES (MIR-POE) según fuente,ESID/USIDNET; no cohorte VIH como IEI,no buscado,pendiente,umbrales no intercambiables,propuesto
P-IEI-003,TREC,cribado SCID,Cuantificación de círculos de escisión del receptor T (cribado neonatal o diagnóstico).,IEI,Cribado / timopoyesis,RN / sospecha SCID,entrada,cuantitativo,copias/µL o corte del programa,número o pos/neg según programa,corte del programa declarado; no universal,RN principalmente,sangre seca / sangre,día de vida del programa,diagnóstico,TREC bajo ≠ SCID confirmado; existen leaky,SCID no cribado: infección vacunal o muerte pre-HSCT,no activar confirmación,crítico,20,20,15,6,20,17,8,4,cribado neonatal: un caso omitido es catástrofe,candidato v0.2; no ranking asistencial,omisión + anclaje BOE/IUIS/ABAI; no promedio,"baja — propuesta no armonizada, no adoptada",las ocho escalas pueden discrepar; no se fusionan,programas NBS SCID; IUIS I,programa autonómico/nacional,internacional / ES (MIR-POE) según fuente,no en A1 como microdato de cribado ES,no encontrado,pendiente,programas NBS no están en A1,propuesto
P-IEI-004,IgG sérica,inmunoglobulina G,Concentración de IgG en suero.,IEI / laboratorio,Humorales,PAD / CVID / XLA / IGRT,estado,cuantitativo,mg/dL o g/L (declarar),≥0,rango etario; hipogammaglobulinemia no es CVID,edad-específico,suero,pre-IGRT si se evalúa déficit,diagnóstico / vigilancia,unidad; edad; no diagnosticar CVID solo con IgG,PAD no tratado,IGRT sin criterio o criterio sin IgG,crítico,17,18,16,17,17,19,11,10,el más común del dominio y aún no cierra entidad,candidato v0.2; no ranking asistencial,omisión + anclaje BOE/IUIS/ABAI; no promedio,"baja — propuesta no armonizada, no adoptada",las ocho escalas pueden discrepar; no se fusionan,ESID CVID criteria; IUIS III; POE 5.2.1,criterios ESID versionados,internacional / ES (MIR-POE) según fuente,ESID USIDNET REDIP ImmPort,no buscado,pendiente,unidad g/L vs mg/dL; criterios versionados,propuesto
P-IEI-005,IgA sérica,inmunoglobulina A,Concentración de IgA en suero.,IEI / laboratorio,Humorales,PAD / CVID / déficit selectivo IgA,estado,cuantitativo,mg/dL o g/L,≥0,rango etario; IgA=0 ≠ IgA baja,edad-específico,suero,diagnóstico,diagnóstico,no fusionar déficit selectivo IgA con CVID,clasificación CVID incompleta,fusionar entidades humorales,condicionalmente crítico,12,16,10,10,13,16,10,10,"alto valor clasificatorio, menor daño aislado",candidato v0.2; no ranking asistencial,omisión + anclaje BOE/IUIS/ABAI; no promedio,"baja — propuesta no armonizada, no adoptada",las ocho escalas pueden discrepar; no se fusionan,ESID; IUIS III,IUIS 2024 III,internacional / ES (MIR-POE) según fuente,ESID USIDNET REDIP,no buscado,pendiente,anti-IgA no es este parámetro,propuesto
P-IEI-006,IgM sérica,inmunoglobulina M,Concentración de IgM en suero.,IEI / laboratorio,Humorales,PAD / hiper-IgM / XLA,estado,cuantitativo,mg/dL o g/L,≥0,"IgM alta con IgG/A bajas orienta CSR-defects, no los cierra",edad-específico,suero,diagnóstico,clasificación,"síndrome hiper-IgM es clase de entidades, no un valor",vía CD40LG/AID no orientada,llamar hiper-IgM a un número,condicionalmente crítico,13,17,12,9,14,15,9,10,"discrimina clases IUIS, no indica tratamiento solo",candidato v0.2; no ranking asistencial,omisión + anclaje BOE/IUIS/ABAI; no promedio,"baja — propuesta no armonizada, no adoptada",las ocho escalas pueden discrepar; no se fusionan,IUIS III/II,IUIS 2024,internacional / ES (MIR-POE) según fuente,ESID USIDNET,no buscado,pendiente,fenotipo ≠ gen,propuesto
P-IEI-007,Estallido respiratorio de neutrófilos (DHR),DHR; NBT,Ensayo funcional de estallido respiratorio neutrofílico declarado (DHR u equivalente).,IEI,Fagocito / CGD,Abscesos / granulomas / cribado CGD,entrada,cuantitativo o categórico,% DHR+ o SI,según método,ausencia orienta CGD; portadora XL = mosaico,cualquier edad; portadoras X,sangre / citometría DHR,antes de HSCT / infección catalasa+,diagnóstico,DHR ≠ NBT; método debe declararse,CGD no visto: infección fúngica grave,profilaxis IFD no iniciada,crítico,19,20,17,8,19,14,8,5,ensayo que cambia profilaxis y HSCT,candidato v0.2; no ranking asistencial,omisión + anclaje BOE/IUIS/ABAI; no promedio,"baja — propuesta no armonizada, no adoptada",las ocho escalas pueden discrepar; no se fusionan,IUIS V.3; POE 5.2.2,IUIS 2024 V,internacional / ES (MIR-POE) según fuente,ESID USIDNET FlowRepository,inaccesible,pendiente,método DHR vs NBT no unificado,propuesto
P-IEI-008,CD19+ absoluto,B-cell count,Linfocitos B CD19+ absolutos.,IEI,Inmunofenotipo B,XLA / CVID / anti-CD20,estado,cuantitativo,células/µL,≥0,ausencia sugiere agammaglobulinemia u otro B-block,edad-específico,citometría,diagnóstico o post-anti-CD20,diagnóstico / vigilancia,B=0 no es CVID típico; post-rituximab es otro objeto,XLA no orientado o depleción B iatrogénica no medida,"mezclar XLA, CVID y rituximab",crítico,16,19,14,16,16,16,9,6,separa XLA / CVID / iatrogenia,candidato v0.2; no ranking asistencial,omisión + anclaje BOE/IUIS/ABAI; no promedio,"baja — propuesta no armonizada, no adoptada",las ocho escalas pueden discrepar; no se fusionan,IUIS III; POE 5.2.2,IUIS 2024,internacional / ES (MIR-POE) según fuente,ESID USIDNET FlowRepository,no buscado,pendiente,panel naïve/memoria no es este parámetro,propuesto
P-IEI-009,Actividad funcional de C1-inhibidor,C1-INH function,"Actividad funcional del inhibidor de C1, distinta del antígeno.",Complemento,HAE,Angioedema sin habones,entrada,cuantitativo,% actividad,≥0,baja en HAE-1 y HAE-2; normal no excluye HAE-nC1INH,cualquier edad,plasma según lab,"basal, no solo en crisis",diagnóstico,Ag ≠ función; HAE-2 tiene Ag normal y función baja,HAE-2 perdido si solo se pide antígeno,error de tipo de ensayo,crítico,18,20,16,8,19,12,7,5,el error Ag-por-función es el clásico del laboratorio,candidato v0.2; no ranking asistencial,omisión + anclaje BOE/IUIS/ABAI; no promedio,"baja — propuesta no armonizada, no adoptada",las ocho escalas pueden discrepar; no se fusionan,WAO HAE; IUIS VIII; POE 5.2.1,WAO HAE vigente,internacional / ES (MIR-POE) según fuente,ESID HAE,no encontrado,pendiente,Ag ≠ función si se fusionan,propuesto
P-IEI-010,C1-inhibidor antigénico,C1-INH antigen,"Concentración antigénica de C1-inhibidor, distinta de la función.",Complemento,HAE,Angioedema sin habones,entrada,cuantitativo,mg/dL o %,≥0,bajo en HAE-1; normal en HAE-2,cualquier edad,plasma/suero,basal,clasificación HAE-1 vs 2,no sustituye función,HAE-1 no visto; HAE-2 mal clasificado si se usa solo,usar un ensayo como si fueran dos,crítico,16,18,14,7,17,12,7,5,necesario pero insuficiente,candidato v0.2; no ranking asistencial,omisión + anclaje BOE/IUIS/ABAI; no promedio,"baja — propuesta no armonizada, no adoptada",las ocho escalas pueden discrepar; no se fusionan,WAO HAE; IUIS VIII,WAO HAE,internacional / ES (MIR-POE) según fuente,ESID,no encontrado,pendiente,no fusionar con función,propuesto
P-CMP-001,C3 sérico,complemento C3,Concentración de C3 en suero.,Complemento / autoinmunidad,Consumo,LES / MPGN / Neisseria / AHUS,estado,cuantitativo,mg/dL,≥0,bajo = consumo o déficit; no distingue vía,cualquier edad,suero,actividad o infección capsulada,actividad / diagnóstico,"C3 bajo + C4 normal orienta alternativa, no la cierra",nefritis o déficit no visto,interpretar consumo como déficit congénito,condicionalmente crítico,14,16,13,16,14,15,10,9,ubicuo en LES y complemento; no específico,candidato v0.2; no ranking asistencial,omisión + anclaje BOE/IUIS/ABAI; no promedio,"baja — propuesta no armonizada, no adoptada",las ocho escalas pueden discrepar; no se fusionan,SLICC/EULAR LES; IUIS VIII; POE 5.2.1,criterios LES versionados,internacional / ES (MIR-POE) según fuente,ImmPort ensayos LES; ESID complemento,no buscado,pendiente,consumo ≠ déficit,propuesto
P-CMP-002,C4 sérico,complemento C4,Concentración de C4 en suero.,Complemento / autoinmunidad,Vía clásica,LES / HAE / crioglobulinemia,estado,cuantitativo,mg/dL,≥0,"C4 bajo persistente en HAE es patrón, no diagnóstico solo",cualquier edad,suero,basal y brote,actividad / orientación,C4 muy bajo + angioedema sin habones → pedir C1-INH,HAE o LES activo no orientados,no encadenar el siguiente ensayo,condicionalmente crítico,14,17,12,15,15,14,10,9,puente entre LES y HAE,candidato v0.2; no ranking asistencial,omisión + anclaje BOE/IUIS/ABAI; no promedio,"baja — propuesta no armonizada, no adoptada",las ocho escalas pueden discrepar; no se fusionan,WAO HAE; criterios LES,declarar,internacional / ES (MIR-POE) según fuente,ESID ImmPort LES,no buscado,pendiente,patrón ≠ entidad,propuesto
P-CMP-003,CH50,vía clásica hemolítica,Actividad hemolítica de la vía clásica del complemento.,Complemento,Vía clásica,Infección capsulada / sospecha déficit MAC,entrada,cuantitativo,U/mL o %,≥0 o indetectable,indetectable orienta déficit homocigoto o consumo extremo,cualquier edad,suero fresco (preanalítica crítica),"basal, muestra bien conservada",diagnóstico,muestra mal conservada falsa baja; CH50≠AH50,déficit MAC no visto → meningococo recurrente,no pedir AH50 si CH50 normal y hay Neisseria,crítico,17,18,14,6,17,13,8,6,preanalítica y par CH50/AH50 son el error,candidato v0.2; no ranking asistencial,omisión + anclaje BOE/IUIS/ABAI; no promedio,"baja — propuesta no armonizada, no adoptada",las ocho escalas pueden discrepar; no se fusionan,IUIS VIII; POE 5.2.1,IUIS 2024 VIII,internacional / ES (MIR-POE) según fuente,ESID,no buscado,pendiente,AH50 es otro parámetro,propuesto
P-CMP-004,AH50,vía alternativa hemolítica,Actividad hemolítica de la vía alternativa del complemento.,Complemento,Vía alternativa,Neisseria / AHUS / factor D/B/P,entrada,cuantitativo,U/mL o %,≥0,bajo con CH50 normal orienta vía alternativa,cualquier edad,suero fresco,basal,diagnóstico,no sustituible por CH50,déficit vía alternativa no visto,pedir solo CH50,crítico,16,17,12,5,16,11,7,5,"par obligatorio con CH50, no promedio",candidato v0.2; no ranking asistencial,omisión + anclaje BOE/IUIS/ABAI; no promedio,"baja — propuesta no armonizada, no adoptada",las ocho escalas pueden discrepar; no se fusionan,IUIS VIII,IUIS 2024,internacional / ES (MIR-POE) según fuente,ESID,no buscado,pendiente,ensayo poco disponible,propuesto
P-IS-001,Clase de inmunosupresor activo,IS class,Clase farmacológica del inmunosupresor activo. No la dosis. No el 'estado IS'.,ID secundaria,Iatrogenia,SOT / autoinmune / onco,exposición,categórico,clase,CNI; antimetabolito; mTOR; anti-CD20; anti-TNF; GC; ATG; belatacept; otro; ninguno; combinación,la clase no implica umbral de riesgo único,tratado,orden médica,día de la decisión,contexto / profilaxis,anti-CD20 ≠ CNI para PJP y vacunas,profilaxis y vacunas mal aplicadas,tratar 'el inmunosuprimido' como clase única,crítico,17,10,19,14,18,18,9,6,eje de las semillas IS; no es el episodio de IEI,candidato v0.2; no ranking asistencial,omisión + anclaje BOE/IUIS/ABAI; no promedio,"baja — propuesta no armonizada, no adoptada",las ocho escalas pueden discrepar; no se fusionan,POE 5.1.9 ID secundaria; guías SOT,corte 31-08-2026 semillas ≠ IEI,internacional / ES (MIR-POE) según fuente,ImmPort/TrialShare ensayos; no ESID,no encontrado,pendiente,IEI/PID repos ≠ IS farmacológica; semilla no agota clases,propuesto
P-IS-002,Exposición a anti-CD20 en los últimos 12 meses,rituximab reciente,Administración de anticuerpo anti-CD20 en los 12 meses previos.,ID secundaria,Depleción B,Autoinmune / onco / EM,exposición,booleano,sí/no,sí; no; desconocido,12 meses es convención de esta versión,tratado,HCE farmacológica,12 meses previos,profilaxis / vacunas / IGRT,hipogammaglobulinemia tardía; PJP si +esteroides,PJP o vacuna viva o no reponer IgG,dar por reversible el efecto a 6 meses siempre,crítico,18,8,18,16,18,14,8,7,iatrogenia frecuente y tardía,candidato v0.2; no ranking asistencial,omisión + anclaje BOE/IUIS/ABAI; no promedio,"baja — propuesta no armonizada, no adoptada",las ocho escalas pueden discrepar; no se fusionan,fichas técnicas; guías PJP en rituximab+GC,ventana 12 m = versión,internacional / ES (MIR-POE) según fuente,ImmPort si el ensayo usa anti-CD20,no buscado,pendiente,ventana temporal convencional,propuesto
P-IS-003,Concentración valle de tacrolimus,FK trough,Concentración valle de tacrolimus en sangre.,Trasplante,CNI,SOT / algunos TPH,control,cuantitativo,ng/mL,≥0,"diana depende de órgano, día post-SOT y protocolo; no hay un rango único",portador de CNI,sangre,"valle pre-dosis, día post-SOT",tratamiento / toxicidad,hold-out de órgano; no exportar diana renal a pulmón,rechazo o nefrotoxicidad,usar diana de otro órgano,crítico,16,6,18,20,16,12,9,6,monitorización máxima; daño por ambos extremos,candidato v0.2; no ranking asistencial,omisión + anclaje BOE/IUIS/ABAI; no promedio,"baja — propuesta no armonizada, no adoptada",las ocho escalas pueden discrepar; no se fusionan,protocolos SOT por órgano,protocolo del centro,internacional / ES (MIR-POE) según fuente,posible ensayos ImmPort SOT,no buscado,pendiente,hold-out de órgano; diana no universal,propuesto
P-IS-004,Dosis equivalente de prednisona vigente,PDN-eq,Dosis diaria actual de glucocorticoide en prednisona-equivalente.,ID secundaria,Glucocorticoides,Cualquier IS,exposición,cuantitativo,mg/día PDN-eq,≥0,"umbrales de riesgo varían (≥20 mg ≥4 sem es común, no universal)",tratado,orden médica,día de la decisión + duración,contexto / profilaxis,dosis puntual ≠ dosis × tiempo,PJP no profilaxada,ignorar duración,condicionalmente crítico,15,5,16,14,15,15,8,8,ubicuo; umbral de PJP no cerrado aquí,candidato v0.2; no ranking asistencial,omisión + anclaje BOE/IUIS/ABAI; no promedio,"baja — propuesta no armonizada, no adoptada",las ocho escalas pueden discrepar; no se fusionan,guías PJP; conversión GC estándar,tabla de equivalencia declarada,internacional / ES (MIR-POE) según fuente,ensayos ImmPort si recogen GC,no buscado,pendiente,dosis × tiempo es otra relación,propuesto
P-AU-001,Anti-MBG,anti-GBM,Anticuerpo IgG anti-membrana basal glomerular.,Autoinmunidad lab,Pulmón-riñón,Hemorragia alveolar o GNRP,entrada,cuantitativo o categórico,U/mL o pos/neg,según ensayo,positivo + clínica fulminante: no esperar biopsia para tratar,adulto principalmente,suero,urgencias pulmón-riñón,diagnóstico / tratamiento,doble ANCA+GBM existe,pérdida renal o muerte hemorrágica,esperar biopsia en fulminante,crítico,20,20,19,10,20,10,8,6,raro y catastrófico: prioridad de daño ≠ frecuencia,candidato v0.2; no ranking asistencial,omisión + anclaje BOE/IUIS/ABAI; no promedio,"baja — propuesta no armonizada, no adoptada",las ocho escalas pueden discrepar; no se fusionan,KDIGO GN,KDIGO vigente al usar,internacional / ES (MIR-POE) según fuente,no típico A1 IEI,no buscado,pendiente,enfermedad rara no en registros PID,propuesto
P-AU-002,ANCA especificidad MPO,anti-MPO,ANCA con especificidad mieloperoxidasa. No el IIF solo.,Autoinmunidad lab,Vasculitis,Sospecha MPA / EGPA / IR,entrada,cuantitativo o categórico,U/mL,según ensayo,IIF + especificidad; MPO ≠ PR3,adulto,suero,diagnóstico y recaída,diagnóstico / clasificación,no informar ANCA+ sin especificidad,MPA no clasificada,fusionar MPO y PR3,crítico,17,19,16,14,17,13,9,7,especificidad cambia entidad y recaída,candidato v0.2; no ranking asistencial,omisión + anclaje BOE/IUIS/ABAI; no promedio,"baja — propuesta no armonizada, no adoptada",las ocho escalas pueden discrepar; no se fusionan,CHCC 2012; ACR/EULAR 2022,CHCC 2012; ACR/EULAR 2022,internacional / ES (MIR-POE) según fuente,ensayos ImmPort vasculitis si existen,no buscado,pendiente,IIF es otro parámetro,propuesto
P-AU-003,ANCA especificidad PR3,anti-PR3,ANCA con especificidad proteinasa-3.,Autoinmunidad lab,Vasculitis,Sospecha GPA,entrada,cuantitativo o categórico,U/mL,según ensayo,PR3 ≠ MPO; IIF c-ANCA no sustituye PR3,adulto,suero,diagnóstico / recaída,diagnóstico / vigilancia,GPA no es un título,GPA no orientada,usar IIF como si fuera PR3,crítico,17,19,16,15,17,13,9,7,par con MPO; no fusionar,candidato v0.2; no ranking asistencial,omisión + anclaje BOE/IUIS/ABAI; no promedio,"baja — propuesta no armonizada, no adoptada",las ocho escalas pueden discrepar; no se fusionan,CHCC 2012; ACR/EULAR 2022 GPA,ACR/EULAR 2022,internacional / ES (MIR-POE) según fuente,ImmPort si ensayo,no buscado,pendiente,GPA ≠ título PR3,propuesto
P-AU-004,ANA título (IIF),ANA titer,Título de ANA por IIF sobre HEp-2 o sustrato declarado.,Autoinmunidad lab,AAN,Sospecha CTD,entrada,ordinal,dilución inversa,neg; 1:80; 1:160; 1:320; 1:640; ≥1:1280; según lab,corte del lab; 1:80 frecuente en sano,cualquier edad,suero IIF,diagnóstico; no monitoriza actividad LES solo,clasificación,título ≠ patrón ≠ ENA,menor que omitir anti-dsDNA o anti-Ro en contexto,tratar un 1:80 como LES,condicionalmente crítico,10,15,8,6,11,16,10,10,"alta cobertura, bajo valor aislado",candidato v0.2; no ranking asistencial,omisión + anclaje BOE/IUIS/ABAI; no promedio,"baja — propuesta no armonizada, no adoptada",las ocho escalas pueden discrepar; no se fusionan,ICAP; ACR/EULAR 2019 LES entrada ANA,ACR/EULAR 2019; ICAP,internacional / ES (MIR-POE) según fuente,ImmPort LES,no buscado,pendiente,patrón es otro parámetro,propuesto
P-AU-005,Patrón ANA ICAP,AC-1..AC-29,"Patrón IIF ANA según nomenclatura ICAP, no texto libre de laboratorio.",Autoinmunidad lab,AAN,Sospecha CTD,entrada,categórico,código ICAP,AC-1 a AC-29 / mixto / no ICAP,"el patrón orienta ENA, no diagnostica",cualquier edad,IIF HEp-2,mismo ensayo que el título,clasificación,ICAP; no inventar sinónimos,se pide mal el ENA,texto libre no interoperable,no crítico,8,14,6,4,9,12,8,7,interoperabilidad de laboratorio,candidato v0.2; no ranking asistencial,omisión + anclaje BOE/IUIS/ABAI; no promedio,"baja — propuesta no armonizada, no adoptada",las ocho escalas pueden discrepar; no se fusionan,ICAP,ICAP vigente,internacional / ES (MIR-POE) según fuente,raro en A1,no buscado,pendiente,labs no ICAP,propuesto
P-AU-006,Anti-dsDNA,anti-DNA nativo,"Anticuerpo anti-ADN bicatenario por método declarado (Farr, Crithidia, ELISA, CLIA).",Autoinmunidad lab,LES,LES / nefritis,estado,cuantitativo,según método,según método,método-dependiente; no intercambiar unidades,principalmente LES,suero,diagnóstico y actividad renal,diagnóstico / actividad,no usar ELISA débil como Farr,nefritis no vigilada,cambiar de método sin recalibrar tendencia,condicionalmente crítico,14,17,13,16,14,14,10,8,útil en LES; método es el residual,candidato v0.2; no ranking asistencial,omisión + anclaje BOE/IUIS/ABAI; no promedio,"baja — propuesta no armonizada, no adoptada",las ocho escalas pueden discrepar; no se fusionan,ACR/EULAR 2019; SLICC,2019,internacional / ES (MIR-POE) según fuente,ImmPort LES,no buscado,pendiente,método ≠ método,propuesto
P-AU-007,Anti-Ro/SSA,anti-SSA; Ro52/Ro60,Anticuerpo anti-Ro/SSA. Ro52 y Ro60 no se fusionan si el lab los separa.,Autoinmunidad lab,SS / LES / neonatal,Gestación / SS / LES,entrada,categórico o cuantitativo,según ensayo,neg; Ro52; Ro60; ambos; no separado,en gestante positiva: riesgo BAV neonatal,mujer en edad fértil + CTD,suero,preconcepcional / T1,pronóstico / vigilancia fetal,Ro52 ≠ Ro60 para BAV; no esperar SS clínico,BAV neonatal no vigilado,no preguntar gestación ante anti-Ro,crítico,18,16,17,18,18,12,9,7,daño fetal: prioridad de daño alta pese a rareza del BAV,candidato v0.2; no ranking asistencial,omisión + anclaje BOE/IUIS/ABAI; no promedio,"baja — propuesta no armonizada, no adoptada",las ocho escalas pueden discrepar; no se fusionan,guías SS/LES gestación,declarar guía obstetricia autoinmune,internacional / ES (MIR-POE) según fuente,no típico A1,no buscado,pendiente,Ro52/Ro60 a menudo fusionados,propuesto
P-AU-008,Anticoagulante lúpico,LA,Presencia de anticoagulante lúpico por criterio ISTH (dRVVT/aPTT + mezcla + confirmación).,Autoinmunidad lab,SAF,Trombosis / obstétrico / APTT alargado,entrada,categórico,presente/ausente,positivo; negativo; no interpretable (anticoagulación),ISTH; repetir a 12 semanas para criterio de síndrome,adulto / obstétrico,plasma pobre en plaquetas,fuera de evento agudo si posible; +12 sem,diagnóstico,LA ≠ aCL ≠ B2GP1; triple positivo es relación,SAF no visto: retrombosis o pérdida fetal,usar ELISA aCL como si fuera LA,crítico,17,18,17,10,17,12,8,6,criterio ISTH; no sustituible,candidato v0.2; no ranking asistencial,omisión + anclaje BOE/IUIS/ABAI; no promedio,"baja — propuesta no armonizada, no adoptada",las ocho escalas pueden discrepar; no se fusionan,ISTH SSC LA; ACR/EULAR SAF 2023,ISTH; ACR/EULAR SAF 2023,internacional / ES (MIR-POE) según fuente,ensayos SAF si ImmPort,no buscado,pendiente,triple positivo es relación,propuesto
P-AU-009,Anticardiolipina IgG,aCL IgG,Anticardiolipina de clase IgG. No IgM. No B2GP1.,Autoinmunidad lab,SAF,Trombosis / obstétrico,entrada,cuantitativo,GPL,≥0,medio/alto según ensayo y criterio vigente,adulto / obstétrico,suero,+12 semanas para criterio,diagnóstico,IgG ≠ IgM; unidad GPL,SAF incompleto,sumar IgM débil como si fuera IgG alto,condicionalmente crítico,14,16,14,8,14,11,8,7,una pata del triple; no el síndrome,candidato v0.2; no ranking asistencial,omisión + anclaje BOE/IUIS/ABAI; no promedio,"baja — propuesta no armonizada, no adoptada",las ocho escalas pueden discrepar; no se fusionan,ACR/EULAR SAF 2023,2023,internacional / ES (MIR-POE) según fuente,ImmPort,no buscado,pendiente,IgM y B2GP1 son otros parámetros,propuesto
P-TX-001,Prueba cruzada CDC T/B,CDC XM,Resultado de XM por citotoxicidad dependiente de complemento para T y B.,Trasplante,Histocompatibilidad,Oferta de órgano,condición,categórico,T/B pos/neg,T-B-; T+B-; T-B+; T+B+; no realizada,T+ CDC es barrera clásica de hiperagudo; políticas de centro varían,candidato SOT,suero receptor + células donante,pre-implante,exclusión,CDC ≠ flow XM ≠ DSA virtual,rechazo hiperagudo,usar solo DSA virtual,crítico,20,16,20,5,20,11,8,4,minutos/horas; hold-out de órgano,candidato v0.2; no ranking asistencial,omisión + anclaje BOE/IUIS/ABAI; no promedio,"baja — propuesta no armonizada, no adoptada",las ocho escalas pueden discrepar; no se fusionan,ASHI / ONT-ES; POE 5.2.4,SOP del laboratorio HLA,internacional / ES (MIR-POE) según fuente,no A1 IEI,no encontrado,pendiente,hold-out; flow XM es otro parámetro,propuesto
P-TX-002,DSA IgG (antígeno único),DSA Luminex,"Ac IgG donante-específico por antígeno único, con especificidad HLA declarada.",Trasplante,Alosensibilización,Lista de espera / post-SOT,estado,cuantitativo + categórico,MFI + especificidad,especificidad HLA + MFI; negativo,umbral MFI de centro; no hay MFI universal,candidato o receptor SOT,suero / SAB,pre y post,pronóstico / tratamiento,MFI no es título de CDC; clase I ≠ II,rechazo humoral no anticipado,tratar MFI como prueba cruzada,crítico,17,15,17,16,17,12,8,4,umbral MFI es residual de centro,candidato v0.2; no ranking asistencial,omisión + anclaje BOE/IUIS/ABAI; no promedio,"baja — propuesta no armonizada, no adoptada",las ocho escalas pueden discrepar; no se fusionan,ASHI; Banff humoral; POE 5.2.4,Banff vigente + SOP centro,internacional / ES (MIR-POE) según fuente,no A1,no buscado,pendiente,MFI no comparable entre plataformas,propuesto
P-TX-003,Días desde el trasplante de órgano sólido,POD,Tiempo en días desde el implante del órgano índice.,Trasplante,Tiempo de protocolo,Post-SOT,contexto,temporal,días,≥0,ventanas de rechazo e infección son órgano-específicas,receptor SOT,HCE,fecha de implante,contexto,el día cambia la priorización CMV vs rechazo,profilaxis o biopsia fuera de ventana,aplicar protocolo de mes 12 en día 7,condicionalmente crítico,12,8,14,15,13,10,9,8,"contexto, no biomarcador; tiempo es frontera SV",candidato v0.2; no ranking asistencial,omisión + anclaje BOE/IUIS/ABAI; no promedio,"baja — propuesta no armonizada, no adoptada",las ocho escalas pueden discrepar; no se fusionan,protocolos SOT,protocolo órgano,internacional / ES (MIR-POE) según fuente,ensayos SOT,no buscado,pendiente,"tiempo es dato externo, no primitiva SV",propuesto
P-VIR-001,CMV PCR cuantitativa,CMV DNAemia,"Carga de ADN de CMV en sangre o plasma, método declarado.",Infección en IC,Herpesvirus,SOT / TPH / IEI combinada,estado,cuantitativo,UI/mL o copias/mL,no detectado; número,"umbral de preemptive therapy es de protocolo, no universal",IC,plasma/sangre,día post-SOT o síntoma,vigilancia / tratamiento,serostatus D/R es otro parámetro; PCR ≠ enfermedad de órgano,enfermedad CMV invasiva,tratar DNAemia como si fuera colitis,crítico,16,14,17,19,16,13,9,6,vigilancia máxima en SOT; umbral residual,candidato v0.2; no ranking asistencial,omisión + anclaje BOE/IUIS/ABAI; no promedio,"baja — propuesta no armonizada, no adoptada",las ocho escalas pueden discrepar; no se fusionan,guías CMV SOT TTS/AST,guía órgano,internacional / ES (MIR-POE) según fuente,ImmPort ensayos CMV,no buscado,pendiente,UI vs copias; enfermedad ≠ DNAemia,propuesto
P-VIR-002,Serostatus CMV donante/receptor,CMV D/R,Combinación serológica CMV del donante y del receptor pre-SOT.,Trasplante,Riesgo viral,Pre-SOT,condición,categórico,D/R,D+/R-; D+/R+; D-/R+; D-/R-; desconocido,D+/R- es máximo riesgo clásico,par donante-receptor,serología IgG,pre-implante,profilaxis,no inferir de PCR,profilaxis CMV no dada en D+/R-,olvidar el donante,crítico,16,12,18,12,16,11,9,6,"par, no un serostatus aislado",candidato v0.2; no ranking asistencial,omisión + anclaje BOE/IUIS/ABAI; no promedio,"baja — propuesta no armonizada, no adoptada",las ocho escalas pueden discrepar; no se fusionan,TTS CMV,guía,internacional / ES (MIR-POE) según fuente,ensayos SOT,no buscado,pendiente,no aplica igual a IEI no transplantado,propuesto
P-VIR-003,Serostatus VHB pre-inmunosupresión,HBsAg / anti-HBc,HBsAg y anti-HBc (y anti-HBs si se declara) antes de iniciar IS.,Infección en IC,Hepatitis B,Pre-IS / pre-anti-CD20 / pre-SOT,entrada,categórico,perfil,HBsAg+; HBsAg-/anti-HBc+; vacunado anti-HBs+ aislado; naïve; incompleto,anti-HBc+ HBsAg- exige estrategia de reactivación,candidato a IS,suero,antes del primer IS,profilaxis,anti-CD20 + anti-HBc+ = alto riesgo de reactivación,hepatitis B fulminante iatrogénica,iniciar rituximab sin serología,crítico,19,14,19,12,19,13,9,7,omisión iatrogénica clásica,candidato v0.2; no ranking asistencial,omisión + anclaje BOE/IUIS/ABAI; no promedio,"baja — propuesta no armonizada, no adoptada",las ocho escalas pueden discrepar; no se fusionan,EASL/AASLD reactivación VHB; fichas anti-CD20,EASL vigente,internacional / ES (MIR-POE) según fuente,no A1 IEI,no buscado,pendiente,perfil es tupla; no fusionar HBsAg solo,propuesto
P-VIR-004,VIH serología o carga documentada,HIV status,"Estado VIH documentado. Si positivo, carga y CD4 son parámetros aparte.",ID secundaria,VIH,Fenocopia IEI / pre-IS,condición,categórico,estado,negativo; positivo conocido; no documentado,"no documentado es un estado, no un vacío inocuo",según contexto,serología / HCE,antes de etiquetar IEI o iniciar IS,diagnóstico diferencial,POE nombra VIH; no es IEI,fenocopia de IEI no vista; PJP no profilaxada,meter VIH en registro PID,crítico,18,18,16,10,18,14,10,8,"DD obligatorio, objeto distinto de IEI",candidato v0.2; no ranking asistencial,omisión + anclaje BOE/IUIS/ABAI; no promedio,"baja — propuesta no armonizada, no adoptada",las ocho escalas pueden discrepar; no se fusionan,POE 5.1.9; CDC/EACS VIH,POE 2006 + guía VIH vigente,internacional / ES (MIR-POE) según fuente,no ESID (objeto distinto),no buscado,pendiente,cohorte VIH ≠ dominio IEI,propuesto
P-VIR-005,IGRA (Quantiferon o T-SPOT),IGRA TB,"Resultado de IGRA para infección tuberculosa, método declarado.",Infección en IC,TB latente,Pre-anti-TNF / pre-IS / IEI,entrada,categórico,pos/neg/indet,positivo; negativo; indeterminado,indeterminado es frecuente en IC y no es negativo,candidato a anti-TNF/IS,sangre,antes del biológico,profilaxis,indeterminado ≠ negativo; no sustituye rx tórax,TB diseminada post-anti-TNF,tratar indeterminado como negativo,crítico,18,14,17,8,18,12,8,7,iatrogenia evitable,candidato v0.2; no ranking asistencial,omisión + anclaje BOE/IUIS/ABAI; no promedio,"baja — propuesta no armonizada, no adoptada",las ocho escalas pueden discrepar; no se fusionan,guías anti-TNF / NICE TB,guía jurisdicción,internacional / ES (MIR-POE) según fuente,no A1 típico,no buscado,pendiente,indeterminado en IC,propuesto
P-VAC-006,Título de anticuerpos anti-tétanos,tetanus toxoid Ab,"IgG específica frente a toxoide tetánico, método declarado. No es 'respuesta vacunal' global.",Inmunoprofilaxis / PAD,Respuesta a vacuna proteica,Estudio PAD / CVID,salida funcional,cuantitativo,UI/mL,≥0,punto de protección del ensayo,PAD / pediatría,suero post-vacuna,semanas post-dosis declaradas,clasificación funcional,una vacuna ≠ respuesta a polisacárido,CVID mal clasificado o IGRT mal indicada,usar el compuesto respuesta vacunal,condicionalmente crítico,11,16,12,9,12,15,8,6,ensayo funcional indivisible; no el compuesto prohibido,candidato v0.2; no ranking asistencial,omisión + anclaje BOE/IUIS/ABAI; no promedio,"baja — propuesta no armonizada, no adoptada",las ocho escalas pueden discrepar; no se fusionan,criterios ESID CVID; AAAAI PAD,ESID CVID versionado,internacional / ES (MIR-POE) según fuente,ImmPort ensayos vacuna; ESID si lo recogen,no buscado,pendiente,otras vacunas son otros parámetros,propuesto
P-VAC-007,IGRT en curso (vía y producto),IVIG/SCIG,"Administración vigente de inmunoglobulina de reemplazo, con vía y producto declarados.",Inmunoprofilaxis,Reemplazo Ig,PAD / CVID / XLA / secondary PAD,tratamiento,categórico,vía+producto,IVIG; SCIG; facilitada; ninguna; desconocido,valle de IgG es otro parámetro,indicación de reemplazo,HCE,día de infusión,tratamiento,vía ≠ dosis ≠ valle,interrupción inadvertida: infección,cambiar de vía sin registrar producto,condicionalmente crítico,14,4,16,15,14,14,8,6,"tratamiento, no diagnóstico",candidato v0.2; no ranking asistencial,omisión + anclaje BOE/IUIS/ABAI; no promedio,"baja — propuesta no armonizada, no adoptada",las ocho escalas pueden discrepar; no se fusionan,ESID / UKPIN IGRT,guía IGRT,internacional / ES (MIR-POE) según fuente,ESID USIDNET REDIP,no buscado,pendiente,valle IgG aparte,propuesto
P-HLH-001,Ferritina sérica,ferritin,Concentración de ferritina en suero. Un item HLH no es HLH.,HLH / inflamación,HLH-2004 item,Fiebre + citopenias + sospecha HLH/MAS,entrada,cuantitativo,ng/mL,≥0,HLH-2004 ≥500; en práctica HLH a menudo >>10000; no patognomónico,cualquier edad,suero,episodio agudo,diagnóstico / gravedad,un item HLH no es HLH,HLH no orientado,cerrar HLH con una ferritina,condicionalmente crítico,16,15,12,14,15,12,9,10,"item, no síndrome",candidato v0.2; no ranking asistencial,omisión + anclaje BOE/IUIS/ABAI; no promedio,"baja — propuesta no armonizada, no adoptada",las ocho escalas pueden discrepar; no se fusionan,HLH-2004,HLH-2004 / revisiones,internacional / ES (MIR-POE) según fuente,ESID HLH familiar,no buscado,pendiente,criterio compuesto HLH no es este parámetro,propuesto
P-HLH-002,sCD25 (IL-2R soluble),sIL-2R,Cadena alfa soluble del receptor de IL-2.,HLH,HLH-2004 item,Sospecha HLH,entrada,cuantitativo,U/mL,≥0,HLH-2004 ≥2400 U/mL (ensayo histórico); no exportar sin método,sospecha HLH,suero,episodio agudo,diagnóstico,ensayo poco disponible; no retrasar tratamiento florido,criterio no evaluable; retraso,esperar sCD25 para tratar HLH florido,condicionalmente crítico,15,16,10,8,14,9,6,3,útil y a menudo inaccesible,candidato v0.2; no ranking asistencial,omisión + anclaje BOE/IUIS/ABAI; no promedio,"baja — propuesta no armonizada, no adoptada",las ocho escalas pueden discrepar; no se fusionan,HLH-2004,2004 + método local,internacional / ES (MIR-POE) según fuente,ESID,inaccesible,pendiente,ensayo y umbral históricos,propuesto
P-HLH-003,Fibrinógeno,fibrinogen,Concentración de fibrinógeno.,HLH / CID,HLH-2004 item,Sospecha HLH,entrada,cuantitativo,mg/dL o g/L,≥0,HLH-2004 <150 mg/dL,agudo,plasma citrado,episodio,diagnóstico / gravedad,unidad; CID es otro marco,item HLH perdido,unidad g/L leída como mg/dL,condicionalmente crítico,13,14,10,12,13,10,8,9,item,candidato v0.2; no ranking asistencial,omisión + anclaje BOE/IUIS/ABAI; no promedio,"baja — propuesta no armonizada, no adoptada",las ocho escalas pueden discrepar; no se fusionan,HLH-2004,2004,internacional / ES (MIR-POE) según fuente,ESID,no buscado,pendiente,unidad,propuesto
P-GEN-001,Hallazgo genético IEI (gen + clase de variante),IEI gene finding,Resultado genético de IEI como gen HGNC + clase ACMG + cigosidad. No 559 filas-gen.,IEI,Genética,Confirmación / consejo / HSCT,entrada,texto controlado,gen+ACMG,HGNC + P/LP/VUS/B/LB + cigosidad; no realizado; no informativo,P/LP no iguala fenotipo; VUS no trata,sospecha monogénica,ADN,tras fenotipo,clasificación / tratamiento,IUIS tabla vigente; no tratar VUS,HSCT o consejo no ofrecidos; o tratar un VUS,explotar 559 genes como parámetros operativos,condicionalmente crítico,16,18,15,6,16,20,7,3,cubre el hueco de las 559 entidades sin fingir exhaustividad génica,candidato v0.2; no ranking asistencial,omisión + anclaje BOE/IUIS/ABAI; no promedio,"baja — propuesta no armonizada, no adoptada",las ocho escalas pueden discrepar; no se fusionan,IUIS 2024 I–X; ACMG/AMP,IUIS 2024; ACMG 2015/2018,internacional / ES (MIR-POE) según fuente,ESID USIDNET (gen declarado),inaccesible,pendiente,559 entidades IUIS quedan en residual de entidades,propuesto
P-CLI-001,Antecedente familiar de IEI o muerte infantil precoz,FHx IEI,"Historia familiar de ID, consanguinidad o muerte infecciosa infantil en árbol de 3 generaciones.",IEI,Anamnesis,Primera visita,entrada,categórico,categoría,familiar afectado; consanguinidad; muerte infantil; ninguno; no preguntado,no preguntado ≠ negativo,cualquier,anamnesis,primera visita,diagnóstico,árbol; X-linked vs AR,retraso diagnóstico de hermanos,no preguntar consanguinidad,condicionalmente crítico,14,17,10,5,15,14,6,8,barato y a menudo omitido,candidato v0.2; no ranking asistencial,omisión + anclaje BOE/IUIS/ABAI; no promedio,"baja — propuesta no armonizada, no adoptada",las ocho escalas pueden discrepar; no se fusionan,ESID diagnóstico; POE 5.1.8,POE 2006 + práctica ESID,internacional / ES (MIR-POE) según fuente,ESID USIDNET REDIP,no buscado,pendiente,calidad del árbol variable,propuesto
P-CLI-002,Consanguinidad parental,consanguinity,Relación de consanguinidad entre los progenitores.,IEI,Anamnesis,Primera visita,contexto,booleano,sí/no,sí; no; desconocido,"sí eleva prior de AR, no diagnostica",pediatría / IEI,anamnesis,basal,contexto,preguntar sin estigmatizar,panel génico mal priorizado,asumir de novo,no crítico,9,13,6,3,10,11,6,8,contexto genético,candidato v0.2; no ranking asistencial,omisión + anclaje BOE/IUIS/ABAI; no promedio,"baja — propuesta no armonizada, no adoptada",las ocho escalas pueden discrepar; no se fusionan,ESID,práctica,internacional / ES (MIR-POE) según fuente,ESID REDIP,no buscado,pendiente,,propuesto
P-CLI-003,Bronquiectasias documentadas,bronchiectasis,Presencia de bronquiectasias en prueba de imagen declarada.,PAD / CVID,Daño estructural,PAD de repetición,desenlace,booleano,sí/no,sí; no; no estudiado,no estudiado ≠ ausente,PAD,TCAR,fecha del TC,gravedad / vigilancia,indicación de TC no es este parámetro,daño estructural no seguido,tratar solo IgG,condicionalmente crítico,13,10,14,14,13,12,7,5,desenlace de PAD,candidato v0.2; no ranking asistencial,omisión + anclaje BOE/IUIS/ABAI; no promedio,"baja — propuesta no armonizada, no adoptada",las ocho escalas pueden discrepar; no se fusionan,criterios CVID / UKPIN,guía PAD,internacional / ES (MIR-POE) según fuente,ESID,no buscado,pendiente,imagen no en A1,propuesto
P-CLI-004,Citopenia autoinmune documentada,AIHA / ITP / Evans,"Citopenia de mecanismo autoinmune documentado, con linaje declarado.",Autoinmunidad / IEI,Citopenias,ALPS / CVID / LES / IPEX-like,estado,categórico,linaje,AIHA; ITP; neutropenia autoinmune; Evans; ninguna; no estudiada,linaje debe declararse; Evans es combinación,IEI y CTD,clínica + lab,episodio,clasificación / tratamiento,no llamar Evans a una sola citopenia,ALPS/IPEX-like no orientados,fusionar linajes,condicionalmente crítico,14,15,15,12,14,13,7,6,puente IEI-autoinmunidad,candidato v0.2; no ranking asistencial,omisión + anclaje BOE/IUIS/ABAI; no promedio,"baja — propuesta no armonizada, no adoptada",las ocho escalas pueden discrepar; no se fusionan,IUIS IV/IX; criterios ALPS,IUIS 2024,internacional / ES (MIR-POE) según fuente,ESID USIDNET,no buscado,pendiente,cada linaje podría ser fila futura,propuesto
P-CLI-005,Asplenia o esplenectomía,asplenia,"Ausencia anatómica o funcional de bazo, o esplenectomía documentada.",ID secundaria,Barrera física,Infección capsulada / post-esplenectomía,condición,categórico,categoría,esplenectomía; asplenia congénita; hipoesplenismo funcional; bazo presente; desconocido,Howell-Jolly es otro parámetro,cualquier,HCE / imagen / frotis,permanente salvo rarezas,profilaxis / vacunas,calendario de asplenia ≠ calendario IEI,sepsis por capsulado,no vacunar ni educar,crítico,17,10,18,10,17,12,8,8,profilaxis y educación; objeto no IEI,candidato v0.2; no ranking asistencial,omisión + anclaje BOE/IUIS/ABAI; no promedio,"baja — propuesta no armonizada, no adoptada",las ocho escalas pueden discrepar; no se fusionan,POE; calendarios asplenia,calendario jurisdicción,internacional / ES (MIR-POE) según fuente,no A1 IEI como objeto principal,no buscado,pendiente,funcional vs anatómica,propuesto
P-CLI-006,Embarazo en curso,pregnancy,Gestación en curso en la paciente.,Contexto,Población especial,Cualquier decisión IS / anti-Ro / vacuna,contexto,booleano,sí/no,sí; no; posible no confirmado,"trimestre es relación temporal, no este parámetro",persona con útero,clínica / test,día de la decisión,contexto,"cambia vacunas, teratógenos, anti-Ro",fármaco teratógeno o BAV no vigilado,no preguntar,crítico,18,8,18,12,18,10,7,8,contexto que cambia casi toda decisión,candidato v0.2; no ranking asistencial,omisión + anclaje BOE/IUIS/ABAI; no promedio,"baja — propuesta no armonizada, no adoptada",las ocho escalas pueden discrepar; no se fusionan,fichas técnicas; guías gestación autoinmune,ficha,internacional / ES (MIR-POE) según fuente,ensayos excluyen gestantes → hueco empírico,no buscado,pendiente,trimestre y lactancia no incluidos,propuesto
P-CLI-007,Edad en años (o días si neonato),age,Edad cronológica en la unidad adecuada al episodio.,Contexto,Población,Cualquiera,contexto,cuantitativo,años o días,≥0,cambia todos los rangos de lab,universal,HCE,día de la medida,contexto,no aplicar rango adulto a lactante,SCID no visto por rango erróneo,error de referencia,crítico,15,16,14,10,16,18,12,14,contexto universal; no primitiva SV,candidato v0.2; no ranking asistencial,omisión + anclaje BOE/IUIS/ABAI; no promedio,"baja — propuesta no armonizada, no adoptada",las ocho escalas pueden discrepar; no se fusionan,laboratorio + pediatría,n/a,internacional / ES (MIR-POE) según fuente,todos los clínicos,no buscado,pendiente,"tiempo/edad son frontera, no primitiva",propuesto
P-NEO-001,Grado de CRS (ASTCT),CRS grade,Grado de síndrome de liberación citocínica según ASTCT. No un compuesto 'toxicidad CAR-T'.,Terapia celular,CAR-T,Post-infusión CAR-T / bispecífico,desenlace,ordinal,grado 0-5,0;1;2;3;4;5,ASTCT 2019,receptor CAR-T o TCE,clínica,horas-días post-infusión,tratamiento,CRS ≠ ICANS,tocilizumab/UCI no activados,fusionar CRS e ICANS,crítico,19,16,19,18,19,8,7,4,"alta intensidad, baja cobertura de repos A1",candidato v0.2; no ranking asistencial,omisión + anclaje BOE/IUIS/ABAI; no promedio,"baja — propuesta no armonizada, no adoptada",las ocho escalas pueden discrepar; no se fusionan,ASTCT 2019 CRS/ICANS,2019,internacional / ES (MIR-POE) según fuente,no A1,no buscado,pendiente,ICANS es otro parámetro no listado aún,propuesto
P-NEO-002,Órgano afectado por irAE,irAE organ,Órgano o sistema principal de un evento adverso inmunomediado de checkpoint. No la gravedad compuesta.,Inmunooncología,Checkpoint,Tras anti-PD1/CTLA4,desenlace,categórico,órgano,colon; pulmón; hígado; hipófisis; tiroides; piel; miocardio; SNC; otro; ninguno,CTCAE grado es otra relación,tratado con ICI,clínica,durante o meses post-ICI,tratamiento,miocarditis ≠ colitis en urgencia,miocarditis no vista,un irAE genérico,crítico,18,15,18,14,18,9,7,4,órgano cambia la urgencia; no fusionar,candidato v0.2; no ranking asistencial,omisión + anclaje BOE/IUIS/ABAI; no promedio,"baja — propuesta no armonizada, no adoptada",las ocho escalas pueden discrepar; no se fusionan,ASCO/ESMO/SITC irAE,guía vigente,internacional / ES (MIR-POE) según fuente,ensayos ICI no auditados en A1,no buscado,pendiente,grado CTCAE no incluido,propuesto
P-LAB-001,Triptasa sérica,tryptase,Concentración de triptasa sérica.,Inmunoalergia / mastocito,Anafilaxia / mastocitosis,Anafilaxia / sospecha mastocitosis,estado,cuantitativo,µg/L,≥0,"basal vs pico; fórmula de cambio agudo es regla, no este parámetro",cualquier,suero (pico 1-2 h y basal ≥24 h),pico y basal,diagnóstico,un valor aislado no es anafilaxia,mastocitosis o anafilaxia no documentadas,no pedir basal,condicionalmente crítico,12,14,10,8,12,10,7,6,útil en frontera alergia; no cierra anafilaxia,candidato v0.2; no ranking asistencial,omisión + anclaje BOE/IUIS/ABAI; no promedio,"baja — propuesta no armonizada, no adoptada",las ocho escalas pueden discrepar; no se fusionan,WAO; consenso mastocitosis,consenso,internacional / ES (MIR-POE) según fuente,no A1,no buscado,pendiente,pico vs basal son anclas de un parámetro,propuesto
P-LAB-002,Subpoblación B naïve/memoria (CD27),switched memory B,"Porcentaje o absoluto de B memoria conmutada (p. ej. CD19+CD27+IgD-), panel declarado.",IEI,Inmunofenotipo B fino,CVID / EUROclass,estado,cuantitativo,% o células/µL,≥0,EUROclass umbrales versionados,CVID principalmente,citometría,"diagnóstico, pre-IGRT si posible",clasificación / pronóstico,panel debe declararse; no es CD19 total,fenotipo CVID de riesgo no visto,usar solo IgG,condicionalmente crítico,11,15,10,8,12,13,7,4,refina CVID; no sustituye clínica,candidato v0.2; no ranking asistencial,omisión + anclaje BOE/IUIS/ABAI; no promedio,"baja — propuesta no armonizada, no adoptada",las ocho escalas pueden discrepar; no se fusionan,EUROclass; IUIS III,EUROclass,internacional / ES (MIR-POE) según fuente,ESID FlowRepository,no buscado,pendiente,paneles no interoperables,propuesto
P-LAB-003,CD16/56 NK absoluto,NK count,Células NK CD3-CD16+ y/o CD56+ absolutas.,IEI,Inmunofenotipo NK,Sospecha CID / MHC-I,estado,cuantitativo,células/µL,≥0,rango etario lab,edad-específico,citometría,inmunofenotipo,clasificación,NK=0 no es SCID clásico T-B-,fenotipo NK no incorporado a IUIS I,ignorar columna NK de la tabla SCID,condicionalmente crítico,12,16,10,8,12,13,7,5,completa el fenotipo T/B/NK,candidato v0.2; no ranking asistencial,omisión + anclaje BOE/IUIS/ABAI; no promedio,"baja — propuesta no armonizada, no adoptada",las ocho escalas pueden discrepar; no se fusionan,IUIS I,2024,internacional / ES (MIR-POE) según fuente,ESID FlowRepository,no buscado,pendiente,función NK no es el recuento,propuesto
P-LAB-004,Proliferación a mitógeno,PHA; LTT mitogen,"Respuesta proliferativa linfocitaria a mitógeno declarado, con unidad del lab.",IEI,Función T,Sospecha SCID/CID,entrada funcional,cuantitativo,cpm o SI o %,según lab,muy baja orienta SCID/CID; método no interoperable,sospecha CID,sangre / cultivo,diagnóstico pre-HSCT,diagnóstico,mitógeno ≠ antígeno; no comparar labs,CID no confirmada funcionalmente,usar solo fenotipo,condicionalmente crítico,14,17,12,6,14,12,6,3,funcional pre-HSCT; poco disponible,candidato v0.2; no ranking asistencial,omisión + anclaje BOE/IUIS/ABAI; no promedio,"baja — propuesta no armonizada, no adoptada",las ocho escalas pueden discrepar; no se fusionan,IUIS I; ESID,lab SOP,internacional / ES (MIR-POE) según fuente,ESID,inaccesible,pendiente,unidad no interoperable,propuesto
P-LAB-005,Inmunofijación / componente monoclonal,IFE; M-spike,Presencia de componente monoclonal por inmunofijación o equivalente declarado.,Laboratorio / tumor,Gammapatía,Hipogammaglobulinemia del adulto,entrada,categórico,presente + isotipo,ausente; IgGκ; IgGλ; IgA; IgM; cadenas ligeras; no realizada,un M-spike no es CVID,adulto,suero/orina,estudio de hipogammaglobulinemia del adulto,diagnóstico diferencial,no etiquetar CVID sin buscar clonalidad en adulto,mieloma o amiloidosis no vistos,IGRT en mieloma sin onco,condicionalmente crítico,14,16,12,10,14,11,8,7,DD adulto obligatorio,candidato v0.2; no ranking asistencial,omisión + anclaje BOE/IUIS/ABAI; no promedio,"baja — propuesta no armonizada, no adoptada",las ocho escalas pueden discrepar; no se fusionan,IMWG; criterios CVID (exclusión),IMWG,internacional / ES (MIR-POE) según fuente,no A1 IEI,no buscado,pendiente,FLC es otro parámetro,propuesto
