Fuente_ID,Capa,Familia,Referencia_organismo,Jurisdiccion,Version_fecha,Identificador,URL_principal,Objeto_admitido,Objeto_no_admitido,Estado,Fecha_corte,Origen_revision
CURR-ES-INM-001,A1,Perímetro profesional,"Orden SCO/3255/2006; programa formativo de Inmunología",España,2006-10-02,BOE-A-2006-18430,https://www.boe.es/eli/es/o/2006/10/02/sco3255,"Canon jurídico-profesional español y conocimiento mínimo declarado","Dominio clínico completo o evidencia de consecuencias",VERIFICADA_CONTENIDO,2026-09-01,Watson+Grok
CURR-ES-ALG-001,A1,Frontera profesional,"Orden SCO/3081/2006; programa formativo de Alergología",España,2006-09-20,BOE-A-2006-17620,https://www.boe.es/eli/es/o/2006/09/20/sco3081,"Frontera y solapamiento con Alergología","Fusión automática de especialidades",VERIFICADA_CONTENIDO,2026-09-01,Watson+Grok
CURR-UK-ACLI-001,A1,Perímetro profesional,"Federation of the Royal Colleges of Physicians; Allergy Clinical and Laboratory Immunology curriculum",Reino Unido,2021,ACLI-2021,https://www.thefederation.uk/training/specialties/immunology,"Capacidades médicas; presentaciones; condiciones; progresión y procedimientos","Autoridad jurídica española",VERIFICADA_CONTENIDO,2026-09-01,Watson
CURR-UK-ARCP-001,A1,Progresión y acreditación,"ACLI ARCP Decision Aid",Reino Unido,"actualizada noviembre 2024",ARCP-ACLI,https://www.thefederation.uk/document/allergy-clinical-and-laboratory-immunology-acli-arcp-decision-aid-updated-november-2024,"Niveles de progresión; instrumentos; procedimientos y autonomía","Currículo clínico completo o prueba de consecuencias",VERIFICADA_CONTENIDO,2026-09-01,Watson
CURR-UK-HSST-001,A1,Ciencia clínica y laboratorio,"NSHCS HSST Clinical Immunology",Reino Unido,"consulta 2026-09-01",HLS1-3-20,https://curriculumlibrary.nshcs.org.uk/hsst/specialty/HLS1-3-20/,"Sustrato científico; laboratorio; inmunodeficiencia; autoimunidad; alergia; terapéutica; malignidad linfoide","Autoridad médica española o sustitución del currículo médico",VERIFICADA_CONTENIDO,2026-09-01,Watson
CURR-UK-STP-001,A1,Ciencia clínica y laboratorio,"NSHCS STP Clinical Immunology",Reino Unido,"consulta 2026-09-01",SLS1-3-22,https://curriculumlibrary.nshcs.org.uk/stp/specialty/SLS1-3-22/,"Competencias prácticas; investigación; interpretación; calidad y comunicación","Autonomía de inmunólogo médico",VERIFICADA_CONTENIDO,2026-09-01,Watson
STD-RCPATH-G196,A2,Laboratorio,"RCPath G196 Guidance on the scope and clinical direction of immunology testing",Reino Unido,2026-04,G196,https://www.rcpath.org/document-library-search.html?specialist_area=immunology,"Alcance y dirección clínica de pruebas inmunológicas","Plan profesional completo o consecuencia clínica universal",VERIFICADA_CONTENIDO,2026-09-01,Watson
STD-RCPATH-G158,A2,Seguridad de resultados,"RCPath G158 The communication of critical and unexpected pathology results",Reino Unido,2026-05,G158,https://www.rcpath.org/document-library-search.html?specialist_area=immunology,"Comunicación y registro de resultados críticos o inesperados","Fundamento explícito de append-only o causalidad clínica",VERIFICADA_CONTENIDO,2026-09-01,Watson
IUIS-GENO-2024,A2,Errores innatos de la inmunidad,"Poli MC et al.; Human inborn errors of immunity: 2024 update",Internacional,2025-04-15,"PMID:41608114; DOI:10.70962/jhi.20250003",https://pubmed.ncbi.nlm.nih.gov/41608114/,"Clasificación genotípica; 508 genes monogénicos y 17 fenocopias","Convertir cada gen en parámetro operativo",VERIFICADA_CONTENIDO,2026-09-01,Grok revisado por Watson
IUIS-PHENO-2024,A2,Errores innatos de la inmunidad,"IUIS phenotypic classification 2024 update",Internacional,2025-04-15,"PMID:41608113; DOI:10.70962/jhi.20250002",https://pubmed.ncbi.nlm.nih.gov/41608113/,"Árbol fenotípico; 559 entidades IEI","Exhaustividad operativa o cohorte clínica",VERIFICADA_CONTENIDO,2026-09-01,Grok revisado por Watson
EULAR-AIIRD-2022,A2,Infección y profilaxis,"Fragoulis GE et al.; EULAR recommendations for screening and prophylaxis",Europa,2023,"PMID:36328476; DOI:10.1136/ard-2022-223335",https://pubmed.ncbi.nlm.nih.gov/36328476/,"Recomendaciones para AIIRD; rango de glucocorticoides asociado a consideración de profilaxis PJP","Umbral universal para toda inmunosupresión",VERIFICADA_CONTENIDO,2026-09-01,Grok revisado por Watson
EULAR-SLR-2022,A3,Infección y profilaxis,"Systematic literature review informing EULAR 2022",Europa,2022,"PMID:36323488; DOI:10.1136/rmdopen-2022-002726",https://pubmed.ncbi.nlm.nih.gov/36323488/,"Base de evidencia de las recomendaciones EULAR","Sustitución de la recomendación o generalización a otras poblaciones",CANDIDATA,2026-09-01,Grok
COCHRANE-PJP-2014,A3,Infección y profilaxis,"Stern A et al.; Prophylaxis for Pneumocystis pneumonia in non-HIV immunocompromised patients",Internacional,2014-10-01,"PMID:25269391; DOI:10.1002/14651858.CD005590.pub3",https://pubmed.ncbi.nlm.nih.gov/25269391/,"Eficacia y desenlaces separados en poblaciones no-VIH seleccionadas","Umbral único; población española general; evidencia actualizada a 2026",VERIFICADA_CONTENIDO,2026-09-01,Grok revisado por Watson
CDC-ACIP-ADULT-2025,A2,Vacunación,"CDC/ACIP adult immunization schedule by medical condition",Estados Unidos,2025,ACIP-ADULT-2025,https://www.cdc.gov/vaccines/hcp/imz-schedules/adult-medical-condition.html,"Indicaciones y contraindicaciones vacunales por condición","Norma española o representación exhaustiva de inmunología",CANDIDATA,2026-09-01,Grok
AEMPS-CIMA-SOLTRIM,A2,Medicamento,"AEMPS CIMA; ficha técnica Soltrim IV 160/800",España,2026-02,FT-54920,https://cima.aemps.es/cima/dochtml/ft/54920/FichaTecnica_54920.html,"Ficha regulatoria española del medicamento y sus indicaciones autorizadas","Umbral de profilaxis PJP o regla de clase farmacológica",VERIFICADA_CONTENIDO,2026-09-01,Grok revisado por Watson
TERM-WHO-ICD11,A4,Clasificación,"OMS ICD API; CIE-11 MMS",Internacional,2026-01,ICD11-MMS-2026-01,https://id.who.int/icd/release/11/2026-01/mms,"Clasificación; códigos MMS; URI; jerarquía y versión","Conocimiento clínico; causalidad; competencia; sustitución de SNOMED CT",VERIFICADA_ACCESO,2026-09-01,Watson
TERM-SNOMED-REL,A4,Terminología clínica,"SNOMED International; releases",Internacional,"versión por fijar al adoptar",SNOMED-CT,https://www.snomed.org/releases,"Punto oficial de versiones y paquetes de SNOMED CT","Adopción sin licencia; currículo; regla clínica",CANDIDATA,2026-09-01,Watson
INT-HL7-FHIR-R5,A4,Interoperabilidad,"HL7 FHIR R5",Internacional,5.0.0,HL7-FHIR-R5,https://hl7.org/fhir/,"Estructuras de intercambio; recursos; perfiles; Provenance y AuditEvent","Semántica clínica suficiente o lógica de decisión",VERIFICADA_CONTENIDO,2026-09-01,Watson
DATA-PUBMED,A5,Bibliografía,"NCBI PubMed E-utilities",Internacional,"servicio vivo 2026-09-01",PUBMED-EUTILS,https://www.ncbi.nlm.nih.gov/books/NBK25501/,"PMID; MeSH; metadatos y consulta reproducible","Fuente clínica sustantiva por sí misma",VERIFICADA_ACCESO,2026-09-01,Watson
DATA-OPENALEX,A5,Grafo bibliográfico,"OpenAlex REST API",Internacional,"servicio vivo 2026-09-01",OPENALEX-API,https://api.openalex.org,"DOI; obras; autores; instituciones; citas y expansión bibliográfica","Calidad clínica; causalidad; autoridad profesional",VERIFICADA_ACCESO,2026-09-01,Watson
DATA-OPENFDA,A5,Regulación y farmacovigilancia,"FDA openFDA; drug event/label/enforcement",Estados Unidos,"FAERS actualizado 2026-07-30 en prueba",OPENFDA,https://open.fda.gov/apis/,"Etiquetado regulatorio estadounidense; señales; retiradas y metadatos","Incidencia; causalidad; decisión clínica única; norma española",VERIFICADA_ACCESO,2026-09-01,Watson
DATA-CTGOV,A5,Ensayos,"ClinicalTrials.gov API v2",Estados Unidos/Internacional,"versión viva; fijar fecha por extracción",CTGOV-V2,https://clinicaltrials.gov/data-api/api,"Registro NCT; diseño; brazos y desenlaces declarados","Microdato clínico; resultado probado por el mero registro",CANDIDATA,2026-09-01,Grok
DATA-EUROPEPMC,A5,Bibliografía y acceso abierto,"Europe PMC",Europa,"servicio público",EUROPE-PMC,https://europepmc.org/RestfulWebService,"Metadatos; enlaces de acceso abierto; referencias","Fuente clínica sustantiva por sí misma",CANDIDATA,2026-09-01,Grok
DATA-IMMPort,A5,Repositorio inmunológico,"ImmPort",Estados Unidos,"acceso y licencia por conjunto pendientes",IMMPORT,https://www.immport.org/,"Candidato a contraste empírico si el conjunto y la licencia pasan D0-L","Presuponer acceso; asistencia; diagnóstico o tratamiento",BLOQUEADA,2026-09-01,Grok revisado por Watson
